,Presion,Temperatura,HR,RapViento,O3,CO,PM25,PM10,SO2,DoY,DoW,Presion_forecast,Temperatura_forecast,HR_forecast,RapViento_forecast,DoY_forecast,DoW_forecast
2022-01-01,950.0972083333332,9.499822916666666,76.05697916666666,3.1370531125,6.5,0.11,9.5,11.583333333333334,1.0,1.0,6.0,901.3350191666667,8.230870220833333,65.56683466666667,4.2045647583333325,2.0,7.0
2022-01-02,958.8670416666668,7.551257083333333,66.90493333333333,4.620400833333333,7.083333333333333,0.11333333333333334,8.791666666666666,11.333333333333334,1.0,2.0,7.0,947.8318574999998,9.657495375000002,75.05018549999998,4.038677714916667,3.0,1.0
2022-01-03,957.4059166666666,8.8600875,69.4909125,4.296465654166667,7.5,0.11,8.583333333333334,11.541666666666666,1.0,3.0,1.0,991.4771450000001,10.101296625,64.455770125,5.7372981125,4.0,2.0
2022-01-04,972.0364166666667,11.223662916666667,60.2390375,5.26357625,6.333333333333333,0.10000000000000002,5.958333333333333,9.458333333333334,1.0,4.0,2.0,1003.8569691666667,16.673811299999997,60.04170533333333,2.751370706666667,5.0,3.0
2022-01-05,974.6184166666667,15.438714166666665,55.084133333333334,2.9906203333333337,4.208333333333333,0.1025,3.3333333333333335,7.125,1.0,5.0,3.0,915.6158124999998,19.658572375,51.59902833333333,2.805247949958334,6.0,4.0
2022-01-06,974.0593749999999,18.0353875,54.314766666666664,2.8920081958333337,2.9739936922007804,0.12903968890670978,5.1577464847290475,10.7438544464339,1.0150545811781246,6.0,4.0,1000.9993629166668,19.744290916666667,58.43270175,3.2238661433333333,7.0,5.0
2022-01-07,971.8440416666667,18.452608333333334,57.286962499999994,3.429644833333333,3.7083333333333335,0.10041666666666667,3.0833333333333335,8.625,1.0,7.0,5.0,871.1416499999999,16.4123055,51.069345750000004,3.5630844375000006,8.0,6.0
2022-01-08,967.9351666666666,17.8394625,54.913275,3.39341375,4.541666666666667,0.10000000000000002,3.875,8.5,1.0,8.0,6.0,923.53929375,15.78505625,54.60875995833334,3.686999604166666,9.0,7.0
2022-01-09,972.146625,14.8915625,54.06807916666667,4.051647916666666,6.458333333333333,0.10000000000000002,3.9583333333333335,10.25,1.0,9.0,7.0,1009.1547149355983,14.661503059125437,51.20619039671955,6.7258242444244205,10.0,1.0
2022-01-10,970.3410720534599,14.809599049621653,56.27053889749401,6.7937618630549705,6.848993692200781,0.15807937781341955,5.0327464847290475,23.8627088928678,1.030109162356249,10.0,1.0,943.3522812499999,15.189563083333335,49.15836,5.280175416666666,11.0,2.0
2022-01-11,972.5281249999999,15.499554166666668,51.206625,5.280175416666666,6.333333333333333,0.10000000000000002,3.1666666666666665,7.708333333333333,1.0,11.0,2.0,979.2936854166667,17.923681458333334,45.36876883333334,4.957104883333334,12.0,3.0
2022-01-12,969.5977083333333,16.751104166666668,49.31387916666667,5.273515833333334,5.390660358867447,0.12903968890670978,1.5,9.541666666666666,1.0150545811781246,12.0,3.0,1045.73286,13.999455079166667,59.39200633333334,3.265018143333333,13.0,4.0
2022-01-13,968.2711666666668,14.432427916666667,58.80396666666667,3.3316511666666666,4.25,0.10041666666666667,4.375,11.125,1.0,13.0,4.0,968.642875,14.037607708333333,54.974704,3.8681054839583338,14.0,5.0
2022-01-14,968.642875,14.776429166666667,54.4304,3.615051854166667,7.958333333333333,0.10000000000000002,1.8333333333333333,6.625,1.0,14.0,5.0,892.1033383333332,9.033718633333335,63.733014,4.267023695000001,15.0,6.0
2022-01-15,969.6775416666666,8.686267916666667,59.012049999999995,4.3989935000000004,7.375,0.10291666666666667,5.916666666666667,10.166666666666666,1.0,15.0,6.0,904.3670300000001,7.272609808333333,51.612810625,4.0606319583333335,16.0,7.0
2022-01-16,972.4376666666667,7.4210304166666665,55.49764583333334,4.0606319583333335,4.083333333333333,0.105,5.5,9.0,1.0,16.0,7.0,979.8476666666667,10.452566066666666,48.24519991666667,1.1220111554166667,17.0,1.0
2022-01-17,979.8476666666667,9.768753333333333,49.229795833333334,1.2329792916666666,4.083333333333333,0.15791666666666668,11.458333333333334,18.75,1.0,17.0,1.0,991.3478249999998,13.503529475,48.70630029166666,1.7078860799999998,18.0,2.0
2022-01-18,981.5324999999999,12.73917875,44.68467916666666,1.581376,4.125,0.14083333333333334,9.25,18.333333333333332,1.0,18.0,2.0,919.2849066666666,16.1862876,38.94932166666666,1.35142348,19.0,3.0
2022-01-19,977.9626666666667,16.51662,37.45127083333333,1.4077327916666666,6.458333333333333,0.10333333333333333,7.791666666666667,24.75,1.0,19.0,3.0,874.4810625,15.278303291666667,56.340110249999995,1.5471326579166667,20.0,4.0
2022-01-20,971.645625,14.833304166666666,59.9362875,1.5020705416666666,8.307327025534114,0.10166666666666667,8.25,21.125,1.0,20.0,4.0,908.0457966666668,12.551608000000002,62.650957874999996,3.966875455,21.0,5.0
2022-01-21,966.0061666666667,13.074591666666668,63.28379583333333,3.889093583333333,10.265660358867448,0.15932937781341952,6.907746484729048,11.035521113100566,1.045163743534374,21.0,5.0,950.44657125,11.887235441666666,66.55959000000001,3.1913786583333335,22.0,6.0
2022-01-22,960.0470416666667,12.129832083333334,61.629250000000006,3.0107345833333334,7.125,0.10458333333333335,6.541666666666667,12.791666666666666,1.0,22.0,6.0,916.4828916666667,11.977162254166666,67.002975,4.877847049999999,23.0,7.0
2022-01-23,964.7188333333334,11.193609583333334,64.4259375,4.601742499999999,5.583333333333333,0.10166666666666667,4.958333333333333,8.416666666666666,1.0,23.0,7.0,1049.6818799999999,12.976728399999999,57.943979166666665,4.539214125,24.0,1.0
2022-01-24,971.9276666666666,13.517425416666667,57.94397916666667,5.04357125,5.666666666666667,0.10041666666666667,4.291666666666667,7.25,1.0,24.0,1.0,915.1133078453785,14.630402724642755,57.23254468034881,3.4233266698448763,25.0,2.0
2022-01-25,973.5247955801898,13.67327357443248,53.99296667957435,3.140666669582455,5.375,0.10041666666666667,18.75305169589476,8.577187779767234,1.0,25.0,2.0,969.3103612500001,15.86912775,47.667232666666656,2.0117827979166667,26.0,3.0
2022-01-26,979.1013750000001,16.704345,48.64003333333333,1.8456722916666666,7.255314409935675,0.16291666666666668,43.78591563349713,32.875,1.0025,26.0,3.0,983.4680995833334,19.87077675,44.519318999999996,1.5656270316666663,27.0,4.0
2022-01-27,973.7307916666667,20.071491666666667,41.22159166666666,1.4632028333333331,9.953301794337236,0.13833333333333334,43.78591563349713,27.208333333333332,1.00125,27.0,4.0,978.9150616666666,19.602822666666665,36.59463175,3.143569080833333,28.0,5.0
2022-01-28,969.2228333333333,20.854066666666665,34.5232375,2.9656312083333334,8.921981076602341,0.10333333333333333,37.44659636124762,27.903023351238435,1.0004166666666667,28.0,5.0,928.22532,15.134244075,51.87347175,3.7541718425,29.0,6.0
2022-01-29,966.901375,14.27758875,48.9372375,4.0367439166666665,8.432327025534114,0.13070635557337643,5.25,52.85250671441361,1.0150545811781246,29.0,6.0,1020.8408437500001,10.584504875,54.812361499999994,5.240579570833334,30.0,7.0
2022-01-30,972.229375,10.080480833333333,51.709775,4.897737916666666,7.0,0.10041666666666667,5.541666666666667,52.85250671441361,1.0,30.0,7.0,902.69004625,11.313544037499998,59.42302083333333,5.8741035875,31.0,1.0
2022-01-31,970.6344583333333,11.20152875,59.42302083333333,6.316240416666666,6.625,0.10000000000000002,4.583333333333333,49.15646448821247,1.0,31.0,1.0,1043.84376,15.916836333333332,54.515995875,5.9346743816666665,32.0,2.0
2022-02-01,966.5219999999999,15.015883333333333,55.0666625,5.598749416666666,5.958333333333333,0.10333333333333333,4.0,11.0,1.0,32.0,2.0,893.484565,12.662362499999999,54.115181250000006,3.7434397866666673,33.0,3.0
2022-02-02,971.1788750000001,14.069291666666667,60.12797916666667,3.5994613333333336,5.916666666666667,0.10000000000000002,2.3333333333333335,8.708333333333334,1.0,33.0,3.0,981.8080383333333,13.974539583333332,68.978070125,2.9969274,34.0,4.0
2022-02-03,972.0871666666667,14.710041666666667,71.1114125,2.82729,2.7083333333333335,0.10000000000000002,3.375,9.583333333333334,1.0,34.0,4.0,918.8016291666667,16.5474477,51.38596341666666,1.5009394322916665,35.0,5.0
2022-02-04,977.4485416666666,15.321710833333333,56.46809166666666,1.4860786458333333,6.348993692200781,0.13903968890670979,6.782746484729048,14.9938544464339,1.0158879145114579,35.0,5.0,881.5570499999999,15.339555958333333,64.72978625,2.5663256666666667,36.0,6.0
2022-02-05,979.5078333333332,15.187679166666667,59.385124999999995,2.5663256666666667,5.0,0.1075,4.375,12.333333333333334,1.0016666666666667,36.0,6.0,985.3932590953306,16.166124322329743,58.43445068941884,1.482013782873327,37.0,7.0
2022-02-06,975.6368901933967,17.96236035814416,56.73247639749402,1.5278492606941516,5.682327025534114,0.12903968890670978,6.0744131513957145,11.160521113100566,1.030109162356249,37.0,7.0,960.3307725,18.29680229166667,56.532386875000014,3.2292792587499997,38.0,1.0
2022-02-07,970.0310833333333,18.115645833333335,54.88581250000001,3.329153875,5.25,0.10125,3.4166666666666665,13.416666666666666,1.0,38.0,1.0,886.3318858333333,14.9975092125,47.11293531441883,4.539593752518853,39.0,2.0
2022-02-08,973.9910833333333,14.016363750000002,45.74071389749401,4.494647279721637,9.791666666666666,0.10000000000000002,7.9494131513957145,17.577187779767232,1.0,39.0,2.0,1009.0808000000001,13.583864541666667,47.55878333333334,5.561604941666667,40.0,3.0
2022-02-09,970.27,13.449370833333333,47.55878333333334,5.675107083333334,9.125,0.10000000000000002,5.458333333333333,15.875,1.0,40.0,3.0,1063.1136966666668,10.07628375,47.377465625000006,4.761371899999999,41.0,4.0
2022-02-10,975.3336666666668,10.07628375,45.12139583333334,4.668011666666667,7.5,0.10458333333333335,7.333333333333333,16.208333333333332,1.0,41.0,4.0,961.8887833333333,11.618046999999999,50.38422033333333,1.971108125,42.0,5.0
2022-02-11,981.5191666666666,11.85515,49.88536666666667,1.971108125,6.666666666666667,0.10916666666666668,5.208333333333333,12.041666666666666,1.0,42.0,5.0,1054.6914764088683,15.71404260924452,50.20592744848886,1.6475803789983274,43.0,6.0
2022-02-12,976.5661818600632,17.268178691477495,53.41056111541368,1.698536473194152,6.307327025534114,0.12903968890670978,3.375,9.916666666666666,1.0150545811781246,43.0,6.0,998.4460358333333,18.31160216666667,51.239914541666664,2.97586276,44.0,7.0
2022-02-13,969.3650833333332,18.685308333333335,52.82465416666667,2.8614064999999997,5.041666666666667,0.10041666666666667,3.3333333333333335,12.666666666666666,1.0,44.0,7.0,940.5667645833335,15.394571854166667,55.50181,4.40558468625,45.0,1.0
2022-02-14,969.6564583333334,14.123460416666667,53.367124999999994,4.450085541666667,7.083333333333333,0.10208333333333335,6.208333333333333,21.25,1.0,45.0,1.0,870.1908,11.750603475,63.67644299999999,3.6331789375,46.0,2.0
2022-02-15,966.8786666666666,12.6350575,69.21352499999999,3.4601704166666667,6.416666666666667,0.10541666666666667,6.5,10.5,1.0,46.0,2.0,909.6793837500002,11.302184849999998,54.632824,3.5509026404166666,47.0,3.0
2022-02-16,978.1498750000001,10.972995,51.5404,3.4474782916666666,7.333333333333333,0.11666666666666668,8.125,14.208333333333334,1.0,47.0,3.0,935.6410799999999,15.600814,50.678233666666664,1.9303064462500004,48.0,4.0
2022-02-17,974.6261249999999,14.5802,48.72907083333333,2.1212158750000003,8.041666666666666,0.10291666666666667,5.333333333333333,12.833333333333334,1.0,48.0,4.0,1039.3946158541364,15.692683029464739,63.74788526264953,2.877859822740841,49.0,5.0
2022-02-18,971.3968372468565,14.396956907765814,65.04886251290769,3.0615530029157885,5.770974768803121,0.21990875562683906,8.473239454187143,15.773230005968367,1.1354912306031213,49.0,5.0,914.4235008333334,17.301119791666665,68.56869258333334,1.55924002,50.0,6.0
2022-02-19,972.7909583333334,16.169270833333332,64.68744583333334,1.5438020000000001,4.72399369220078,0.10000000000000002,4.708333333333333,11.25,1.0150545811781246,50.0,6.0,943.8402000000001,11.786332,70.23744233333333,3.133270218333333,51.0,7.0
2022-02-20,983.166875,12.277429166666666,74.72068333333333,2.874559833333333,4.125,0.10000000000000002,9.958333333333334,12.166666666666666,1.0004166666666667,51.0,7.0,967.6904241666666,13.02656291666667,45.77672375,2.9286092625,52.0,1.0
2022-02-21,987.4392083333333,13.026562916666668,48.186025,3.254010291666667,7.708333333333333,0.10541666666666667,6.208333333333333,11.458333333333334,1.0,52.0,1.0,930.1564791666667,12.813112433333334,46.37668275,1.3658822478333332,53.0,2.0
2022-02-22,979.1120833333333,14.080343333333333,43.7515875,1.2885681583333333,6.458333333333333,0.26166666666666666,16.958333333333332,35.75,1.04875,53.0,2.0,999.7965375,16.593080291666666,44.654721124999995,1.7259224408333333,54.0,3.0
2022-02-23,970.67625,16.931714583333335,48.01582916666666,1.5834150833333334,7.666666666666667,0.15791666666666668,9.708333333333334,23.833333333333332,1.0345833333333332,54.0,3.0,1006.6977266666668,14.438235500000001,50.231006583333325,3.3458528566666668,55.0,4.0
2022-02-24,967.9785833333334,15.359825,55.19890833333333,3.6367965833333336,10.890660358867448,0.12903968890670978,5.666666666666667,14.166666666666666,1.0321924956895825,55.0,4.0,1042.3866150000001,12.674919350000003,70.7714235,2.4135029858333334,56.0,5.0
2022-02-25,965.1727916666667,13.777086250000002,65.52909583333333,2.3896069166666667,7.125,0.12416666666666666,8.291666666666666,14.208333333333334,1.0025,56.0,5.0,992.1977124999999,11.5294803,69.89935187500001,2.71205720375,57.0,6.0
2022-02-26,963.2987499999999,11.08603875,72.0611875,2.488125875,7.791666666666667,0.10958333333333332,9.75,12.333333333333334,1.0008333333333332,57.0,6.0,893.2209799999999,8.2435478125,75.12798125,4.858252050000001,58.0,7.0
2022-02-27,960.4526666666667,7.850997916666667,71.55045833333334,5.3980578333333336,9.583333333333334,0.11041666666666666,7.541666666666667,9.416666666666666,1.0,58.0,7.0,969.1637083333334,9.30820005,59.525781875,5.652444875,59.0,1.0
2022-02-28,969.1637083333334,8.61870375,56.69122083333334,5.383280833333333,9.375,0.115,9.333333333333334,11.875,1.0,59.0,1.0,934.5239070833335,13.681174,49.2633075,6.494529166666666,60.0,2.0
2022-03-01,963.4267083333334,13.154975,54.737008333333335,6.494529166666666,11.625,0.10333333333333333,5.125,8.708333333333334,1.0,60.0,2.0,1045.7509049999999,13.915132275000001,63.55842116666667,4.49216181,61.0,3.0
2022-03-02,968.287875,14.055689166666667,67.61534166666667,4.159409083333333,6.416666666666667,0.10625000000000001,4.583333333333333,7.958333333333333,1.0,61.0,3.0,934.5424583333333,11.067093479166665,58.24231875,4.1306272787500005,62.0,4.0
2022-03-03,963.4458333333333,11.649572083333332,64.7136875,4.441534708333333,9.0,0.14333333333333334,8.166666666666666,10.25,1.0,62.0,4.0,891.1900083333334,7.905537174999999,72.09112483333334,4.1963394,63.0,5.0
2022-03-04,968.6847916666667,7.3883525,69.99138333333333,4.371186875,8.432327025534114,0.18070635557337644,11.583333333333334,13.25,1.0196379145114578,63.0,5.0,1056.8050491666665,8.552845666666666,63.85428562500001,4.178547512500001,64.0,6.0
2022-03-05,969.5459166666666,8.817366666666667,67.21503750000001,4.096615208333334,8.125,0.2025,12.75,14.958333333333334,1.0166666666666666,64.0,6.0,903.0014041666666,9.472042916666666,74.87908708333333,1.0270119475,65.0,7.0
2022-03-06,960.6397916666666,9.472042916666666,78.82009166666667,0.95982425,2.0416666666666665,0.36333333333333334,22.125,25.25,1.0941666666666667,65.0,7.0,966.0257083333331,12.275499208333333,72.80608133333334,2.3797019875000003,66.0,1.0
2022-03-07,966.0257083333332,11.472429166666666,68.04306666666666,2.2450018750000003,5.416666666666667,0.29624999999999996,16.833333333333332,23.625,1.0458333333333334,66.0,1.0,881.196355,7.227873216666667,74.5228945,2.035080639583333,67.0,2.0
2022-03-08,957.822125,7.375380833333334,79.279675,1.8670464583333333,5.916666666666667,0.44875,25.5,28.833333333333332,1.1229166666666666,67.0,2.0,1061.2318570833334,7.961249625000001,69.30450366666666,3.9466246624999997,68.0,3.0
2022-03-09,973.6072083333333,8.845832916666668,66.63894583333332,4.1543417499999995,7.833333333333333,0.23750000000000002,13.833333333333334,17.291666666666668,1.0145833333333334,68.0,3.0,1058.1200099999999,12.718247400000001,74.04643566666665,2.026224538333333,69.0,4.0
2022-03-10,979.7407499999999,12.46887,71.19849583333333,1.9115325833333332,5.625,0.2579166666666667,13.833333333333334,17.708333333333332,1.0716666666666665,69.0,4.0,898.9273233333332,14.3706926125,70.08272149999999,2.2938244875000002,70.0,5.0
2022-03-11,977.0949166666666,13.95212875,66.115775,2.548693875,5.682327025534114,0.2123730222400431,10.991079818062381,13.952187779767234,1.0229712478447912,70.0,5.0,900.1892566666667,12.372646125000001,58.293165,1.24934447725,71.0,6.0
2022-03-12,978.4665833333333,13.747384583333334,64.77018333333334,1.3433811583333333,4.916666666666667,0.16666666666666666,15.583333333333334,30.041666666666668,1.0208333333333333,71.0,6.0,937.5159600000001,10.252033458333335,51.563204999999996,5.032808935833333,72.0,7.0
2022-03-13,976.5791250000001,11.265970833333334,57.29245,4.747932958333333,9.5,0.10958333333333332,7.625,13.791666666666666,1.0,72.0,7.0,918.3859533333333,11.99647845,62.631513749999996,3.4863929766666666,73.0,1.0
2022-03-14,977.0063333333333,11.3174325,69.59057083333333,3.198525666666667,7.375,0.16749999999999998,11.541666666666666,16.083333333333332,1.0016666666666667,73.0,1.0,992.353325,14.42645075,67.006190125,3.80371396,74.0,2.0
2022-03-15,972.8954166666667,14.143579166666667,66.3427625,3.729131333333333,3.5416666666666665,0.2070833333333333,10.208333333333334,14.875,1.0104166666666667,74.0,2.0,866.2808625000001,11.994999033333334,63.48419475,3.162677854166667,75.0,3.0
2022-03-16,962.5342916666667,11.533652916666666,68.262575,3.3291345833333335,6.833333333333333,0.21916666666666665,12.166666666666666,16.125,1.01625,75.0,3.0,1043.9857141666666,8.2085811375,52.63310704166667,4.5076140633333335,76.0,4.0
2022-03-17,975.6875833333334,7.96949625,57.83857916666667,4.334244291666667,8.97399369220078,0.21820635557337642,12.333333333333334,16.083333333333332,1.0150545811781246,76.0,4.0,903.4458266666666,8.695842741666667,54.22889441666667,1.5334731762499998,77.0,5.0
2022-03-18,982.0063333333333,8.126955833333334,59.59219166666667,1.406856125,7.125,0.39458333333333334,24.208333333333332,31.583333333333332,1.0,77.0,5.0,929.3599833333333,8.057565520833332,56.15462504166667,1.5614647554166665,78.0,6.0
2022-03-19,978.2736666666666,8.481647916666667,61.70837916666667,1.5460047083333333,3.2916666666666665,0.8225000000000001,48.916666666666664,69.54166666666667,1.0170833333333333,78.0,6.0,939.4922875,10.4125355625,61.560985624999994,0.8917354050833333,79.0,7.0
2022-03-20,968.5487499999999,10.96056375,64.80103749999999,0.8829063416666667,4.458333333333333,0.4945833333333334,30.25,44.416666666666664,1.0,79.0,7.0,1037.1349054166667,11.277689733333332,76.5113355,3.264659416666667,80.0,1.0
2022-03-21,969.2849583333333,11.507846666666666,70.84382916666667,3.264659416666667,6.5,0.13,10.583333333333334,14.5,1.0,80.0,1.0,1007.0174625,11.85058,62.188545375000004,6.093542389999999,81.0,2.0
2022-03-22,959.06425,11.85058,62.8167125,5.974061166666666,8.625,0.23958333333333334,13.166666666666666,19.125,1.0,81.0,2.0,1044.853425,8.566837562500002,66.75314729166666,2.5951263174999997,82.0,3.0
2022-03-23,967.456875,8.158892916666668,70.26647083333333,2.448232375,8.541666666666666,0.25833333333333336,16.541666666666668,20.0,1.0,82.0,3.0,1058.99184,9.442679437499999,59.6550515,3.3327545833333327,83.0,4.0
2022-03-24,980.5479999999999,10.15341875,64.14521666666667,3.332754583333333,8.583333333333334,0.18833333333333332,14.583333333333334,18.75,1.0,83.0,4.0,888.7009191666667,12.661934966666667,58.748271333333335,1.9981611175,84.0,5.0
2022-03-25,976.5944166666667,11.945221666666667,63.85681666666667,1.93996225,7.473993692200781,0.3198730222400431,15.958333333333334,20.75,1.0150545811781246,84.0,5.0,963.935125,9.033480291666667,77.968701,2.6348670400000005,85.0,6.0
2022-03-26,963.935125,9.610085416666667,72.19324166666667,2.533526,6.041666666666667,0.31916666666666665,20.875,26.333333333333332,1.0,85.0,6.0,1012.1565125000001,7.80496255,71.852306625,2.33173995625,86.0,7.0
2022-03-27,963.9585833333334,7.9642475,72.5780875,2.403855625,10.208333333333334,0.2854166666666667,20.625,24.041666666666668,1.0,86.0,7.0,959.5860833333332,5.9977792,80.09302104166667,2.2617188766666665,87.0,1.0
2022-03-28,959.5860833333332,6.247686666666667,79.30002083333333,2.458390083333333,9.541666666666666,0.3429166666666667,20.791666666666668,23.458333333333332,1.0,87.0,1.0,936.8603599999999,5.9912413749999995,70.52483029166666,2.2317465625,88.0,2.0
2022-03-29,975.8962083333332,5.705944166666666,64.70167916666666,2.45246875,7.25,0.5004166666666666,33.458333333333336,36.5,1.0,88.0,2.0,1040.8809566666666,6.873353333333333,62.4037629254439,2.4427542969799174,89.0,3.0
2022-03-30,981.9631666666666,6.873353333333333,61.18015973082735,2.24105898805497,8.531603588674471,0.7798532446404741,40.14882630279143,45.43989667263503,1.1806549741374952,89.0,3.0,1018.4122591344657,10.340593769543803,63.39318934159426,2.438542681527485,90.0,4.0
2022-03-31,979.2425568600632,9.486783274810827,66.03457223082735,2.438542681527485,11.02685492061795,0.7667898226142814,17.24107981806238,19.660521113100568,1.2897870423843674,90.0,4.0,904.3511812500001,11.852151666666666,64.443138375,2.4603081407083334,91.0,5.0
2022-04-01,972.4206250000001,11.852151666666666,65.09407916666667,2.435948654166667,4.625,0.22583333333333333,13.791666666666666,26.625,1.1008333333333333,91.0,5.0,922.58568,8.732442599999999,77.97003225,2.0843029166666667,92.0,6.0
2022-04-02,961.02675,8.085595,78.75760833333334,2.0843029166666667,6.375,0.28208333333333335,20.75,24.916666666666668,1.1700000000000002,92.0,6.0,961.5055312499999,6.645065429166667,66.47536258333335,5.137541245833334,93.0,7.0
2022-04-03,971.2177083333332,6.850582916666667,70.71847083333334,4.801440416666667,7.583333333333333,0.19083333333333333,9.0,12.458333333333334,1.1204166666666666,93.0,7.0,928.3415200000001,8.910578000000001,76.049779,4.6218358166666675,94.0,1.0
2022-04-04,967.0224166666667,9.281852083333334,73.12478750000001,5.023734583333334,7.333333333333333,0.22,8.625,13.541666666666666,1.1579166666666667,94.0,1.0,875.6399925000001,12.6343575,74.11553249999999,1.9622202525,95.0,2.0
2022-04-05,962.24175,11.698479166666667,82.35059166666666,2.10991425,3.625,0.33945635557337644,18.25,22.708333333333332,1.2983879145114579,95.0,2.0,959.8403925,6.722252766666665,81.82530987499999,2.505098325,96.0,3.0
2022-04-06,969.53575,6.463704583333333,87.98420416666666,2.45597875,2.375,0.6666666666666666,24.25,26.208333333333332,1.2316666666666667,96.0,3.0,917.6489541666666,7.639987579166667,85.62014125,0.8378262,97.0,4.0
2022-04-07,976.2222916666666,7.009162916666667,81.54299166666667,0.8727356249999999,3.7136477432690076,0.7270833333333333,41.458333333333336,55.291666666666664,1.2516666666666667,97.0,4.0,992.885,8.04035995,74.554712,0.9313558283333333,98.0,5.0
2022-04-08,973.4166666666666,8.645548333333332,77.66115833333333,1.0123432916666666,3.421981076602341,0.9945833333333334,46.291666666666664,68.91666666666667,1.3687500000000001,98.0,5.0,929.42212,7.918510049999998,70.119333375,1.2974544995833335,99.0,6.0
2022-04-09,968.1480416666667,7.998494999999999,77.05421249999999,1.3375819583333335,2.3333333333333335,0.5850000000000001,32.166666666666664,46.291666666666664,1.2654166666666666,99.0,6.0,923.0377729166665,9.761378562500001,68.06984295833333,2.886942808333333,100.0,7.0
2022-04-10,971.6187083333333,9.66473125,70.17509583333333,3.0388871666666666,7.7293081021364545,0.21625000000000003,10.541666666666666,14.708333333333334,1.2470833333333333,100.0,7.0,881.29257125,7.937353283333332,64.21274833333332,3.2469200625,101.0,1.0
2022-04-11,968.453375,8.627557916666666,67.59236666666666,3.6076889583333336,6.583333333333333,0.4266666666666667,24.75,31.958333333333332,1.185,101.0,1.0,964.1600925,6.6643556,64.97722175,3.714334965,102.0,2.0
2022-04-12,973.8990833333334,6.942037083333333,66.3032875,3.7518534999999997,8.448270255341138,0.35833333333333334,20.458333333333332,30.083333333333332,1.1141666666666665,102.0,2.0,958.7184833333334,11.278623708333335,64.721941,3.583238302083333,103.0,3.0
2022-04-13,978.2841666666667,11.166954166666669,63.45288333333334,3.7718297916666668,10.214213485148163,0.24153968890670977,10.125,19.708333333333332,1.1021924956895826,103.0,3.0,875.577675,11.284979166666666,58.9741195,1.02258741,104.0,4.0
2022-04-14,972.8640833333334,11.284979166666666,62.738425,0.9832571250000001,3.2916666666666665,0.5491666666666667,30.157746484729046,49.74385444643391,1.0,104.0,4.0,973.5664583333332,9.522212366666666,74.52359150000001,3.0934351358333334,105.0,5.0
2022-04-15,973.5664583333333,10.350230833333333,70.30527500000001,3.0033350833333334,4.75,0.35375,21.75,26.958333333333332,1.0,105.0,5.0,981.0625833333334,8.537527875,64.01477008333333,0.9034968466666666,106.0,6.0
2022-04-16,981.0625833333334,9.486142083333332,65.99460833333333,0.8945513333333333,5.5,0.5258333333333333,32.416666666666664,43.333333333333336,1.0,106.0,6.0,992.0704875,7.335854234999999,68.43001199999999,0.6192317166666667,107.0,7.0
2022-04-17,972.618125,6.730141499999999,71.2812625,0.6192317166666667,3.0416666666666665,0.9620833333333333,53.458333333333336,67.79166666666667,1.0,107.0,7.0,900.88917875,9.966762883333335,67.64711645833334,2.4100882341666665,108.0,1.0
2022-04-18,968.6980416666667,10.833437916666668,63.22160416666667,2.536934983333333,7.0,0.33791666666666664,19.541666666666668,30.833333333333332,1.0,108.0,1.0,967.9342499999999,7.663176216666666,71.16064870833334,2.3689711350000002,109.0,2.0
2022-04-19,967.9342499999999,7.900181666666666,66.50527916666667,2.1934917916666667,8.208333333333334,0.3754166666666667,16.041666666666668,24.708333333333332,1.0,109.0,2.0,903.21386875,8.320428925,63.69751583333333,3.6435216583333334,110.0,3.0
2022-04-20,971.1977083333333,7.84946125,67.05001666666666,3.4372845833333336,8.557327025534114,0.4598730222400431,17.083333333333332,24.083333333333332,1.0969941537354142,110.0,3.0,892.4372999999999,7.947635849999999,82.45163733333332,1.4250112658333336,111.0,4.0
2022-04-21,959.61,7.358922083333333,80.05013333333333,1.3835060833333335,4.583333333333333,0.88125,43.208333333333336,57.166666666666664,1.5705112133614516,111.0,4.0,976.1248700000001,5.5235062500000005,71.88367770833334,1.8156175391666667,112.0,5.0
2022-04-22,956.9851666666667,6.137229166666667,75.66702916666667,1.8526709583333334,6.125,0.735,32.083333333333336,38.541666666666664,1.6183333333333334,112.0,5.0,899.0334104166666,4.2145099749999995,80.86092083333334,3.1374232699999998,113.0,6.0
2022-04-23,946.3509583333333,4.48352125,80.86092083333334,3.075905166666667,9.875,0.5708333333333334,28.083333333333332,30.125,1.3949999999999998,113.0,6.0,907.0815600000001,2.7364951591666666,92.089881,1.60530332,114.0,7.0
2022-04-24,944.876625,2.6567914166666666,88.5479625,1.6721909583333332,5.583333333333333,0.6770833333333334,28.375,30.958333333333332,1.2654166666666666,114.0,7.0,922.9983266666667,2.4587361666666667,95.82857583333333,1.4843906579166666,115.0,1.0
2022-04-25,951.5446666666667,2.5881433333333335,89.55941666666666,1.3618262916666666,4.958333333333333,0.9458333333333333,40.541666666666664,42.833333333333336,1.2283333333333333,115.0,1.0,1027.1761649999999,2.17984217,84.18937904166667,1.9246412856666668,116.0,2.0
2022-04-26,951.0890416666666,2.137100166666667,83.35582083333334,1.8506166208333334,6.0,0.7608333333333333,27.458333333333332,33.25,1.0833333333333333,116.0,2.0,971.9938683333334,0.8648229114166667,74.02046962499999,1.14985052,117.0,3.0
2022-04-27,962.3701666666667,0.8562603083333333,76.30976249999999,1.1977609583333333,3.4166666666666665,1.7395833333333333,104.5,125.625,1.30125,117.0,3.0,920.6519016666666,3.11691592875,66.10260124999999,2.7545068200000005,118.0,4.0
2022-04-28,979.4169166666667,3.0860553750000004,62.954858333333334,2.64856425,4.333333333333333,1.3675,74.70833333333333,92.45833333333333,1.2275,118.0,4.0,901.7735106445916,3.708124012469927,67.52755035130966,1.633362862658035,119.0,5.0
2022-04-29,980.18859852673,3.5655038581441603,71.081631948747,1.6013361398608186,4.890660358867447,1.1480793778134195,53.916666666666664,66.41666666666667,1.096413743534374,119.0,5.0,917.1210658333333,5.468835720833333,76.62696875,1.0641406875000001,120.0,6.0
2022-04-30,975.6607083333333,6.009709583333333,78.996875,1.1823785416666668,6.223993692200781,0.3302896889067098,23.75,32.458333333333336,1.0150545811781246,120.0,6.0,1044.0896825,7.7991303625000015,74.2857565,1.465552935,121.0,7.0
2022-05-01,975.7847499999999,7.721911250000001,80.7453875,1.4803565,4.458333333333333,0.6941666666666667,39.49107981806238,46.333333333333336,1.0,121.0,7.0,938.49996,7.530426562500001,65.603390125,3.6387750225000004,122.0,1.0
2022-05-02,977.604125,7.31109375,72.0916375,3.432806625,7.5,0.425,18.625,20.5,1.0029166666666667,122.0,1.0,949.8349615561954,9.110085053392268,70.49287250774461,2.6260782051691343,123.0,2.0
2022-05-03,969.21934852673,9.019886191477493,78.32541389749402,2.477432269027485,6.432327025534114,0.5434960444800861,31.190492969458095,32.8627088928678,1.075272905890623,123.0,2.0,1036.0136791666666,6.748314233333333,68.53875,2.8272285566666664,124.0,3.0
2022-05-04,968.2370833333333,7.335124166666667,76.15416666666667,2.5937876666666666,7.5,0.5108333333333334,29.333333333333332,31.291666666666668,1.0,124.0,3.0,953.8162783333333,7.720410679166667,54.79724999999999,2.9388821337500004,125.0,4.0
2022-05-05,973.2819166666667,7.215337083333334,60.88583333333333,2.853283625,9.458333333333334,0.49374999999999997,30.666666666666668,33.5,1.0,125.0,4.0,973.071,8.123999625,77.19021141666667,0.945296325,126.0,5.0
2022-05-06,973.071,7.7371425,72.82095416666667,1.05032925,6.796981076602342,0.7102896889067097,48.61607981806238,52.53552111310057,1.0167212478447913,126.0,5.0,1037.3051249999999,10.479210787500001,80.34937599999999,1.25560134375,127.0,6.0
2022-05-07,960.4677083333332,11.51561625,83.69726666666666,1.294434375,8.0,0.44916666666666666,30.5,31.875,1.0,127.0,6.0,901.1400074999999,7.7238551541666665,62.80568483333332,5.696092999999999,128.0,7.0
2022-05-08,968.9677499999999,8.487752916666667,66.81455833333332,5.4770125,16.223993692200782,0.27028968890670974,17.041666666666668,18.791666666666668,1.0150545811781246,128.0,7.0,941.2567999999999,7.0401813125,71.67134633333335,2.4891687975,129.0,1.0
2022-05-09,980.4758333333333,6.704934583333333,66.98256666666667,2.5143119166666668,12.083333333333334,0.42874999999999996,26.166666666666668,29.452187779767232,1.0,129.0,1.0,1059.9822450000001,6.886065200000001,73.94244508333333,1.2668630433333334,130.0,2.0
2022-05-10,981.4650416666667,7.172984583333334,73.21034166666666,1.2181375416666667,9.375,0.9404166666666667,67.625,70.83333333333333,1.0062499999999999,130.0,2.0,964.1319599999999,3.1555340129166667,77.74169341666666,0.5104592558333334,131.0,3.0
2022-05-11,973.8706666666667,2.9490972083333333,82.70392916666667,0.5208767916666667,1.6666666666666667,1.9158333333333335,123.875,133.58333333333334,1.0058333333333334,131.0,3.0,955.889715,4.85588,87.28011666666667,0.7669975087500001,132.0,4.0
2022-05-12,965.5451666666667,4.760666666666666,87.28011666666667,0.7747449583333333,3.2916666666666665,1.2579166666666668,73.04166666666667,74.625,1.0,132.0,4.0,1051.879635,5.191633400000001,80.03704016666667,1.93512447,133.0,5.0
2022-05-13,973.962625,5.089836666666667,75.50664166666667,2.080779,10.583333333333334,0.8166666666666668,46.07441315139571,49.708333333333336,1.0,133.0,5.0,1001.9129775,5.4713013749999995,70.638208,1.2265750883333333,134.0,6.0
2022-05-14,982.267625,5.4713013749999995,73.58146666666667,1.3332337916666666,9.666666666666666,1.27625,87.24107981806237,88.6188544464339,1.0,134.0,6.0,976.5732075,1.487094,76.23391350000001,0.603515726875,135.0,7.0
2022-05-15,986.4375833333334,1.6523266666666665,81.97195,0.6352797124999999,2.6666666666666665,3.3845833333333335,242.08333333333334,244.0,1.0466666666666666,135.0,7.0,985.73375,1.5240444866249998,74.249541875,0.5659103225,136.0,1.0
2022-05-16,985.73375,1.6387575125,78.1574125,0.5548140416666666,3.0729873844015607,4.528623022240043,331.5833333333333,339.2083333333333,1.434221247844791,136.0,1.0,1001.3077504972645,1.5073514168771347,79.82351494900517,0.6584181502483272,137.0,2.0
2022-05-17,981.6742651933965,1.3828912081441604,75.30520278208034,0.6787815981941517,1.75,4.542916666666667,322.0833333333333,331.7083333333333,1.49875,137.0,2.0,1032.8676658333334,0.283135788,71.616397625,0.5827525783333333,138.0,3.0
2022-05-18,974.4034583333333,0.29493311250000004,77.00687916666666,0.5497665833333333,2.1666666666666665,4.559166666666667,341.2916666666667,352.875,1.7787499999999998,138.0,3.0,1008.44796,1.0922419375,70.8687,0.5178181005,139.0,4.0
2022-05-19,969.6615,1.0402304166666667,78.74300000000001,0.48394215,2.2396540510682272,4.179583333333333,278.9583333333333,294.2083333333333,1.7483333333333333,139.0,4.0,895.1862249999998,5.5763264,80.1016,0.8405331637500001,140.0,5.0
2022-05-20,962.5658333333332,5.21152,80.1016,0.9339257375000001,2.7916666666666665,2.6670833333333337,171.75,175.33333333333334,1.5066666666666666,140.0,5.0,897.0627325000002,3.082014875,90.19982991666666,1.1257274253333334,141.0,6.0
2022-05-21,964.5835833333334,3.082014875,85.09417916666666,1.2236167666666666,7.416666666666667,0.9258333333333333,60.625,62.25,1.0004166666666667,141.0,6.0,983.3262825,2.156515155,76.35863037499999,1.4011158691666667,142.0,7.0
2022-05-22,964.045375,2.2232115,78.7202375,1.3094540833333335,13.041666666666666,0.5941666666666666,32.75,33.75,1.0,142.0,7.0,1048.8739820833332,1.2601419566666665,92.62196429166669,1.4072670695833336,143.0,1.0
2022-05-23,962.2697083333333,1.1888131666666666,84.97427916666668,1.3662787083333334,13.041666666666666,0.6058333333333333,33.916666666666664,35.125,1.0,143.0,1.0,1028.6459508333335,1.3620130504208334,77.72813483333334,1.4147506812500001,144.0,2.0
2022-05-24,970.4207083333334,1.2729093929166666,72.64311666666667,1.5212372916666668,11.166666666666666,0.8316666666666667,49.75,51.083333333333336,1.0,144.0,2.0,1012.1061104166666,1.0936767741666666,71.79081116666666,1.4259753812499998,145.0,3.0
2022-05-25,982.6272916666667,1.0317705416666667,69.69981666666666,1.3580717916666665,10.25,0.7716666666666666,52.208333333333336,53.375,1.0,145.0,3.0,1068.4841720833333,2.5351229416666667,70.82913812500001,1.5329492100000002,146.0,4.0
2022-05-26,980.2607083333334,2.391625416666667,74.5569875,1.4193974166666667,9.833333333333334,0.7179166666666666,47.416666666666664,48.75,1.0,146.0,4.0,969.2412675,2.03154679,73.21842666666666,1.4764766749999998,147.0,5.0
2022-05-27,979.0315833333334,2.232469,70.40233333333333,1.4334725,9.416666666666666,0.9020833333333332,61.833333333333336,64.2438544464339,1.0,147.0,5.0,937.4105599999999,2.094630564,77.079024,1.4220665600000002,148.0,6.0
2022-05-28,976.4693333333333,2.01406785,71.36946666666667,1.466048,9.34899369220078,1.046123022240043,65.16666666666667,66.66666666666667,1.0150545811781246,148.0,6.0,950.0284274999999,0.88584864375,79.48131033333333,1.0889916537500002,149.0,7.0
2022-05-29,979.41075,0.843665375,72.91863333333333,1.196694125,7.5,1.7604166666666667,131.20833333333334,132.33333333333334,1.0,149.0,7.0,913.4239125,-1.2136222225000002,81.70399468860974,0.7593397701825256,150.0,1.0
2022-05-30,982.17625,-1.1898257083333335,80.10195557706837,0.8253693154157887,2.9166666666666665,1.7493651112002155,127.0298122417076,128.78552111310057,1.6348562392239563,150.0,1.0,950.4823066666665,-4.316164662499999,87.84762020833334,0.78300919,151.0,2.0
2022-05-31,979.8786666666666,-4.03379875,92.47117916666667,0.8329885,1.0,1.5691666666666666,116.0,105.76093889883617,2.6508333333333334,151.0,2.0,1057.239945,-3.8184789149999996,89.83877158333334,0.511368401125,152.0,3.0
2022-06-01,978.925875,-3.5356286249999997,87.22210833333334,0.5498584958333333,2.1979873844015607,2.8232063555733764,220.04166666666666,221.5,3.015054581178125,152.0,3.0,995.0244925000001,-3.7693288541666665,85.86683233333333,0.41096905,153.0,4.0
2022-06-02,975.5142083333334,-3.967714583333333,87.61921666666666,0.40291083333333333,1.125,3.2245833333333334,245.45833333333334,246.45833333333334,2.797083333333333,153.0,4.0,1037.1876920833333,-0.22618662500000003,72.7876515,0.8526295178333334,154.0,5.0
2022-06-03,969.3342916666667,-0.21541583333333336,79.1170125,0.7968500166666667,1.1666666666666667,2.4279166666666665,174.45833333333334,177.29166666666666,2.605,154.0,5.0,891.56648,4.14315,65.9134487538723,2.414872019166667,155.0,6.0
2022-06-04,969.094,3.83625,73.23716528208034,2.2154789166666666,7.958333333333333,0.8801627111467528,51.07441315139571,53.03552111310057,1.338025829022916,155.0,6.0,972.88616125,4.2626704916666665,68.09341916666668,1.5120883866666668,156.0,7.0
2022-06-05,963.2536249999999,4.220465833333333,71.67728333333334,1.6435743333333335,10.833333333333334,0.9108333333333333,54.416666666666664,55.875,1.0,156.0,7.0,991.1450095833333,3.3972861250000004,67.02604241666668,2.3972008937499996,157.0,1.0
2022-06-06,962.2767083333333,3.6529958333333337,73.65499166666667,2.1992668749999997,11.458333333333334,1.0829166666666667,71.83333333333333,74.25,1.09125,157.0,1.0,953.88302625,4.920627999999999,68.94927416666667,1.6538423633333335,158.0,2.0
2022-06-07,963.5182083333333,5.125654166666666,72.57818333333334,1.5902330416666668,10.416666666666666,0.8379166666666666,43.083333333333336,45.0,1.01875,158.0,2.0,885.3355116666665,4.295606437499999,79.891707,1.7209454229166667,159.0,3.0
2022-06-08,962.3212083333333,4.0910537499999995,81.52215,1.6083602083333333,10.34899369220078,1.117373022240043,75.94941315139572,64.41052111310057,1.0275545811781246,159.0,3.0,1061.734995,1.534243283125,63.816010999999996,2.20167082,160.0,4.0
2022-06-09,983.0879583333334,1.4611840791666666,62.56471666666667,2.342203,10.583333333333334,0.9991666666666666,57.083333333333336,59.25,1.0079166666666668,160.0,4.0,883.74,1.5000031600833332,60.255786,1.0865302466666666,161.0,5.0
2022-06-10,981.9333333333334,1.4150973208333333,64.1019,1.1087043333333333,10.333333333333334,1.1345833333333333,80.625,81.79166666666667,1.0216666666666667,161.0,5.0,983.2811654166668,-1.6506824204166666,73.14976733333333,0.44425729108333334,162.0,6.0
2022-06-11,973.5457083333334,-1.5143875416666666,79.51061666666666,0.43131775833333336,1.4583333333333333,4.714166666666666,358.2916666666667,359.4166666666667,1.5979166666666667,162.0,6.0,1007.8432433333332,-0.1105939075,81.63918,0.6405017125000001,163.0,7.0
2022-06-12,969.0800416666666,-0.104333875,77.7516,0.5876162500000001,1.2916666666666667,3.605,257.9583333333333,258.9583333333333,1.3825,163.0,7.0,927.949,4.7007576874999994,79.94894020833334,0.6668454508333334,164.0,1.0
2022-06-13,966.6135416666666,4.476912083333333,84.15677916666667,0.6804545416666666,1.9583333333333333,2.0279166666666666,128.75,130.20833333333334,1.1175,164.0,1.0,943.3590308333333,3.6561250258333335,89.09181312499999,0.7875058187500001,165.0,2.0
2022-06-14,972.5350833333333,3.8894947083333338,84.84934583333333,0.7500055416666668,2.932327025534114,2.6207063555733767,176.0,177.375,1.2808333333333333,165.0,2.0,1005.7525124999999,4.282090181249999,84.32766125,1.5432328783333333,166.0,3.0
2022-06-15,976.4587499999999,4.0781811249999995,80.31205833333333,1.6774270416666666,4.708333333333333,1.3483333333333334,74.79166666666667,76.58333333333333,1.0362500000000001,166.0,3.0,1055.31511,4.429581095833333,62.767215125,3.5667856000000002,167.0,4.0
2022-06-16,968.179,4.139795416666667,67.49162916666667,3.8352533333333336,12.625,0.5858333333333333,30.583333333333332,33.5,1.0008333333333332,167.0,4.0,876.7198125,2.8918102124999994,72.40455491666665,4.191167333333333,168.0,5.0
2022-06-17,974.133125,2.9210204166666665,67.66780833333333,4.555616666666666,14.541666666666666,0.4679166666666667,23.041666666666668,24.583333333333332,1.0,168.0,5.0,978.2054104166667,3.1096968,75.06847916666666,1.8316369216666666,169.0,6.0
2022-06-18,968.5202083333334,3.2392675,75.06847916666666,1.9485499166666667,12.791666666666666,0.7949999999999999,46.416666666666664,48.666666666666664,1.0075,169.0,6.0,1012.1913966666666,1.1850495375,68.800730625,1.7442501075,170.0,7.0
2022-06-19,973.2609583333333,1.3167217083333334,69.4956875,1.8755377500000001,10.75,0.8720833333333333,48.875,49.916666666666664,1.0,170.0,7.0,1065.0615720833332,0.9252179908333332,75.40644883333333,0.9838752224999999,171.0,1.0
2022-06-20,977.1207083333334,0.9842744583333333,70.47331666666666,1.0931946916666666,9.083333333333334,1.7920833333333333,132.29166666666666,133.66666666666666,1.1566666666666665,171.0,1.0,1044.073765,-2.4997007325000005,73.37668741666667,0.8209161508333334,172.0,2.0
2022-06-21,984.97525,-2.6878502500000003,74.87417083333334,0.7531340833333333,2.25,3.6,259.1666666666667,260.2083333333333,1.1991666666666667,172.0,2.0,882.3097125,-4.176162958333333,72.45651187499999,0.633983371875,173.0,3.0
2022-06-22,980.344125,-4.176162958333333,73.18839583333333,0.6037936875,1.25,3.63875,286.9166666666667,288.375,2.0429166666666667,173.0,3.0,962.0183883333333,-3.242690686427628,74.45169975,0.8632834386465842,174.0,4.0
2022-06-23,981.6514166666666,-3.5633963587116795,72.9918625,0.792003154721637,2.7136477432690076,3.488658755626839,285.6071596361248,287.82104222620114,1.4957441537354141,174.0,4.0,891.130275,-2.815993330416666,69.51366125,0.6388264162499999,175.0,5.0
2022-06-24,990.1447499999999,-2.788112208333333,73.172275,0.6869101249999999,2.4479873844015607,4.3727896889067095,341.7916666666667,343.2916666666667,1.6516666666666666,175.0,5.0,1033.6219250000001,-3.9736179333333332,79.35519075,0.60598911025,176.0,6.0
2022-06-25,984.4018333333333,-4.096513333333333,74.8633875,0.5941069708333333,1.375,3.560833333333333,278.7916666666667,279.8333333333333,1.5691666666666666,176.0,6.0,1018.5828625,1.369134466666667,45.597336,2.5802091914583336,177.0,7.0
2022-06-26,970.0789166666667,1.2560866666666668,47.49722499999999,2.3671643958333335,7.833333333333333,1.44625,87.20833333333333,89.625,1.1558333333333335,177.0,7.0,918.2017979166666,5.229840633333334,59.88016504166667,1.7433870620833332,178.0,1.0
2022-06-27,966.5282083333333,5.0286929166666665,65.80237916666667,1.9158099583333332,10.0,1.0666666666666667,57.041666666666664,58.666666666666664,1.6958333333333335,178.0,1.0,891.5706562500001,3.5617206875,82.72753175,0.873071375,179.0,2.0
2022-06-28,958.678125,3.45798125,88.0080125,0.873071375,4.875,1.2508333333333332,66.16666666666667,67.45833333333333,2.4979166666666663,179.0,2.0,965.2874166666667,1.5214943250000001,86.73704550000001,1.6286059949999998,180.0,3.0
2022-06-29,965.2874166666667,1.6905492500000001,80.31207916666666,1.5364207499999998,10.208333333333334,0.9554166666666667,59.208333333333336,60.625,2.3874999999999997,180.0,3.0,1032.4514708333334,1.6829192024999997,80.71435725,0.9314563629166668,181.0,4.0
2022-06-30,964.9079166666667,1.7349682499999999,85.8663375,0.9602642916666667,7.833333333333333,1.14125,65.79166666666667,66.95833333333333,2.4066666666666667,181.0,4.0,962.6207916666667,0.65994432375,82.40561645833333,0.8292733948333333,182.0,5.0
2022-07-01,962.6207916666667,0.7332714708333333,86.74275416666667,0.8461973416666666,4.22399369220078,1.2977896889067098,88.25,89.25,2.307609162356249,182.0,5.0,998.9921933333334,-0.5254780125,87.61045999999999,1.1162086875,183.0,6.0
2022-07-02,960.5694166666667,-0.50045525,83.43853333333333,1.2402318749999999,5.875,1.2745833333333334,86.66666666666667,87.66666666666667,2.1729166666666666,183.0,6.0,988.7660958333333,0.630099376,87.58221666666667,0.7230136360416667,184.0,7.0
2022-07-03,959.9670833333333,0.6563535166666666,87.58221666666667,0.7945204791666667,7.708333333333333,1.3141666666666667,91.375,92.45833333333333,2.085,184.0,7.0,902.0784024999999,0.97153443,83.53131775,1.401233955,185.0,1.0
2022-07-04,959.657875,1.0794827,82.704275,1.4153878333333332,10.625,1.0591666666666668,59.791666666666664,60.833333333333336,2.0533333333333332,185.0,1.0,1004.6534750000001,0.7457114325,94.54389983333333,0.7592625000000001,186.0,2.0
2022-07-05,956.8128333333334,0.80184025,89.19235833333333,0.7592625000000001,9.833333333333334,1.3354166666666665,81.58333333333333,82.75,2.0870833333333336,186.0,2.0,967.3717295833333,-0.02815475450000001,82.03432350000001,0.842195435125,187.0,3.0
2022-07-06,957.7937916666666,-0.025830050000000007,88.20895,0.7726563624999999,6.223993692200781,1.4248730222400432,92.70833333333333,93.83333333333333,2.0088045811781243,187.0,3.0,1013.14460625,0.20483729870833334,90.81421125000001,0.7513122662499999,188.0,4.0
2022-07-07,964.899625,0.21561820916666666,86.489725,0.825617875,5.875,1.5879166666666666,108.625,109.79166666666667,1.7058333333333333,188.0,4.0,1026.26468625,1.5983316166666666,89.58809475,0.42298547308333334,189.0,5.0
2022-07-08,959.1258750000001,1.6824543333333333,90.493025,0.44998454583333336,2.375,2.16125,157.04166666666666,158.95833333333334,1.9683333333333335,189.0,5.0,997.5486733333332,1.2929244750000002,91.93778,0.88148138125,190.0,6.0
2022-07-09,959.1814166666667,1.4365827500000001,95.76852083333334,0.823814375,1.0,1.4662499999999998,95.91666666666667,97.54166666666667,1.8541666666666667,190.0,6.0,916.8850083333334,-1.6268621354166666,83.53692600000001,2.187840435,191.0,7.0
2022-07-10,975.4095833333334,-1.7124864583333332,84.38073333333334,2.2099398333333333,13.083333333333334,0.6708333333333334,40.583333333333336,42.708333333333336,1.5191666666666668,191.0,7.0,913.2272724999999,-3.6042518125000003,72.33323066666667,1.3073939779166668,192.0,1.0
2022-07-11,971.518375,-3.8755395833333335,79.48706666666666,1.2693145416666667,6.625,1.1445833333333333,93.33333333333333,95.16666666666667,1.68,192.0,1.0,1000.2530633333332,0.5338458483333334,82.95711666666666,1.1691103875,193.0,2.0
2022-07-12,961.7817916666667,0.4897668333333334,82.95711666666666,1.1809195833333332,9.583333333333334,1.0520833333333333,69.33333333333333,70.33333333333333,1.7558333333333334,193.0,2.0,927.95384,-1.4399600462000002,84.563134,0.773281966875,194.0,3.0
2022-07-13,966.6185833333334,-1.3845769675000001,82.90503333333334,0.7810928958333333,1.8333333333333333,1.93625,133.375,134.41666666666666,1.9033333333333333,194.0,3.0,942.08128,0.12405298812916668,75.231139375,1.6693198441666666,195.0,4.0
2022-07-14,981.3346666666666,0.11593737208333334,71.64870416666666,1.5748300416666667,8.333333333333334,1.1495833333333334,73.95833333333333,74.95833333333333,1.6108333333333331,195.0,4.0,926.9728925000001,-0.9374749111666667,65.58630375000001,1.5792628887499998,196.0,5.0
2022-07-15,986.141375,-0.9101698166666666,72.87367083333334,1.475946625,7.791666666666667,1.0445833333333334,69.75,71.5,1.5337500000000002,196.0,5.0,903.3871975000001,-1.0855681054166666,82.5105925,0.85766532125,197.0,6.0
2022-07-16,971.3840833333334,-0.9959340416666667,78.58151666666667,0.801556375,7.390660358867447,0.9102896889067097,66.58333333333333,67.875,1.7188591623562492,197.0,6.0,1029.4851633333333,1.9418775876666665,78.24511933333334,1.6858735675,198.0,7.0
2022-07-17,962.1356666666667,2.1107365083333334,75.23569166666667,1.66918175,12.666666666666666,0.6520833333333333,43.833333333333336,44.958333333333336,2.1708333333333334,198.0,7.0,904.51563625,3.6688648950000005,61.522668749999994,5.466102083333334,199.0,1.0
2022-07-18,972.5974583333333,3.397097125,68.35852083333333,5.466102083333333,16.375,0.32458333333333333,15.416666666666666,18.333333333333332,1.9400000000000002,199.0,1.0,1002.43311875,4.4396087500000005,78.55534475,3.5259569625,200.0,2.0
2022-07-19,954.6982083333334,4.4396087500000005,76.267325,3.9177299583333336,15.291666666666666,0.4379166666666667,25.125,26.291666666666668,2.122916666666667,200.0,2.0,936.5357341666667,1.247162875,87.0060825,3.19080909875,201.0,3.0
2022-07-20,955.6487083333333,1.1877741666666666,80.5611875,3.506383625,15.916666666666666,0.47625,32.958333333333336,34.458333333333336,2.107083333333333,201.0,3.0,908.8684533333333,-0.40206426345833335,88.38711874999998,1.5458788749999999,202.0,4.0
2022-07-21,966.8813333333334,-0.39808342916666667,84.17820833333333,1.5458788749999999,12.75,0.77875,57.333333333333336,58.5,1.2075,202.0,4.0,1030.1417433333334,-3.9772691291666664,90.214947,1.1775185579166667,203.0,5.0
2022-07-22,971.8318333333333,-4.370625416666667,83.53235833333333,1.1658599583333333,5.416666666666667,1.33875,111.66666666666667,112.83333333333333,1.0045833333333334,203.0,5.0,1022.4744687499999,-3.234193795,79.14936925,0.6793625249999999,204.0,6.0
2022-07-23,973.7852083333333,-3.30019775,80.7646625,0.75484725,5.140660358867447,1.4444563555733765,109.70833333333333,110.91666666666667,1.0263045811781246,204.0,6.0,981.8314999999999,-0.285343788,77.03118091666666,1.2563003818749998,205.0,7.0
2022-07-24,981.8314999999999,-0.2972331125,78.60324583333333,1.1964765541666667,8.333333333333334,1.5679166666666668,95.125,96.125,1.0,205.0,7.0,968.5108537499999,-0.22514953499999998,83.21463450000002,0.5996643691666665,206.0,1.0
2022-07-25,978.2937916666666,-0.20847179166666666,81.582975,0.5821984166666666,4.208333333333333,1.8904166666666666,146.08333333333334,147.08333333333334,1.0362500000000001,206.0,1.0,1003.7939,-0.5515896706666666,72.94024391666667,1.26011518875,207.0,2.0
2022-07-26,984.1116666666667,-0.5303746833333334,77.59600416666667,1.272843625,5.057327025534113,1.5627896889067099,100.70833333333333,102.125,1.0150545811781246,207.0,2.0,1068.2300658333334,2.9686709499999995,76.34016650000001,2.2114870162083333,208.0,3.0
2022-07-27,980.0275833333334,2.8273056666666663,70.03685,2.0288871708333334,7.708333333333333,1.0275,64.45833333333333,66.83333333333333,1.0004166666666667,208.0,3.0,937.89064,5.6293613958333335,66.359475,5.092927675158035,209.0,4.0
2022-07-28,976.9694166666667,5.261085416666667,66.359475,4.9930663481941515,15.166666666666666,0.4425357333867959,19.59823945418714,24.14823000596837,1.045163743534374,209.0,4.0,913.4964649999998,6.4643280625,70.208346,3.7676145208333334,210.0,5.0
2022-07-29,971.8047499999999,6.156502916666667,67.508025,3.456527083333333,14.041666666666666,0.6016666666666667,29.458333333333332,34.041666666666664,1.0,210.0,5.0,957.3479941666668,2.9185947499999996,61.68523345833334,1.89193153,211.0,6.0
2022-07-30,976.8857083333334,3.072205,67.78597083333334,1.735717,11.625,0.9695833333333334,62.416666666666664,64.66666666666667,1.0216666666666667,211.0,6.0,976.8890833333334,2.1550275277499997,69.926445,0.71370147625,212.0,7.0
2022-07-31,976.8890833333334,2.0330448375,64.74670833333333,0.706635125,9.875,0.8441666666666667,52.791666666666664,54.416666666666664,1.0016666666666667,212.0,7.0,888.49772375,2.9235292508333335,65.49484862499999,1.5749527258333333,213.0,1.0
2022-08-01,976.371125,2.8945834166666664,67.5204625,1.4858044583333332,9.208333333333334,0.6725,37.125,41.708333333333336,1.0008333333333332,213.0,1.0,938.59312,2.9966409000000005,70.58846249999999,1.3214418749999999,214.0,2.0
2022-08-02,977.7011666666667,3.3296010000000003,69.204375,1.46826875,9.416666666666666,0.8304166666666667,45.083333333333336,49.583333333333336,1.0045833333333334,214.0,2.0,893.9754233333333,2.22388110125,83.9114865,1.4429927030833334,215.0,3.0
2022-08-03,971.7124166666666,2.340927475,78.42195,1.3613138708333334,5.541666666666667,1.0999999999999999,64.0,68.33333333333333,1.0125,215.0,3.0,1024.26384375,2.6085849487500004,72.402308125,3.306488944166667,216.0,4.0
2022-08-04,975.489375,2.6349342916666667,68.95457916666668,3.0901765833333332,11.708333333333334,0.79,45.791666666666664,49.25,1.0025,216.0,4.0,901.2428483333334,0.6621339225,69.18906275,0.9790679083333335,217.0,5.0
2022-08-05,979.6117916666667,0.61881675,74.39684166666667,0.9693741666666668,7.072987384401561,1.9869563555733765,151.16666666666666,159.79166666666666,1.3004166666666668,217.0,5.0,886.5704625,1.290396281625,68.27858841666666,3.1890846370833335,218.0,6.0
2022-08-06,985.0782916666667,1.3034305875,66.28989166666666,3.1575095416666668,8.25,1.3895833333333334,80.83333333333333,83.125,1.0658333333333334,218.0,6.0,946.20048,2.4385201066666666,62.071256250000005,2.9927454958333333,219.0,7.0
2022-08-07,985.6255,2.650565333333333,68.9680625,3.1502584166666665,9.25,0.6295833333333333,31.333333333333332,33.375,1.0,219.0,7.0,1061.1976949999998,3.4266699133333334,63.077946749999995,1.3786246532083333,220.0,1.0
2022-08-08,982.5904583333332,3.2948749166666667,69.316425,1.3649749041666668,5.625,0.99625,57.0,62.541666666666664,1.04875,220.0,1.0,898.2581766666667,6.969661675,62.95205599999999,2.909579415,221.0,2.0
2022-08-09,976.3675833333333,6.5137025,65.57505833333333,3.09529725,12.557327025534114,0.5686230222400431,21.791666666666668,26.041666666666668,1.1850545811781246,221.0,2.0,921.9710416666667,6.07833655,72.3020055,2.073246705,222.0,3.0
2022-08-10,970.4958333333334,6.018155,74.53815,1.9196728749999998,10.791666666666666,0.6587500000000001,27.0,29.791666666666668,1.5370833333333334,222.0,3.0,994.6434474999999,5.0079088,66.35120883333333,1.6420154424999998,223.0,4.0
2022-08-11,965.6732499999999,5.216571666666667,72.12087916666667,1.59418975,11.208333333333334,0.7949999999999999,41.625,45.541666666666664,1.6050000000000002,223.0,4.0,894.30609625,2.5615527916666667,67.87738125000001,3.3194097900000004,224.0,5.0
2022-08-12,961.6194583333332,2.5615527916666667,71.449875,3.0735275833333335,13.291666666666666,0.5962500000000001,25.958333333333332,29.166666666666668,1.4258333333333333,224.0,5.0,963.43357125,0.9572050274999999,72.54162,1.50346389375,225.0,6.0
2022-08-13,953.894625,0.87816975,80.6018,1.431870375,9.25,1.03125,64.70833333333333,65.95833333333333,1.6079166666666669,225.0,6.0,973.0920275,1.6652100015000002,84.454968,1.8360986429166664,226.0,7.0
2022-08-14,954.0117916666667,1.5418611125000001,81.2067,1.7826200416666664,13.791666666666666,0.70375,35.125,36.916666666666664,1.4820833333333334,226.0,7.0,945.9279225,3.1143663,71.05779916666667,3.82969691,227.0,1.0
2022-08-15,955.48275,2.8836725,72.50795833333333,3.6824008750000004,14.333333333333334,0.6579166666666666,31.125,32.416666666666664,1.4966666666666668,227.0,1.0,995.8967633333334,2.4302882583333334,69.47825208333333,3.8008995625,228.0,2.0
2022-08-16,957.5930416666666,2.5581981666666667,65.54552083333333,3.69019375,13.666666666666666,0.6587500000000001,30.75,33.833333333333336,1.4995833333333335,228.0,2.0,922.2387041666667,2.50247834375,65.593372,3.1610720624999997,229.0,3.0
2022-08-17,970.7775833333334,2.3833127083333334,68.32642916666667,3.193002083333333,10.5,0.7041666666666666,36.041666666666664,38.791666666666664,1.46375,229.0,3.0,958.0535941666667,5.538416987500001,72.88632345833335,5.3979117500000005,230.0,4.0
2022-08-18,977.6057083333334,5.955287083333334,70.76342083333334,5.140868333333334,11.84899369220078,0.47278968890670975,15.125,17.416666666666668,1.3029712478447912,230.0,4.0,905.1428824999999,7.499121250000001,67.72574624999999,4.9274148875,231.0,5.0
2022-08-19,973.2719166666667,7.499121250000001,75.25082916666666,4.692776083333333,9.791666666666666,0.5866666666666667,20.375,21.416666666666668,1.3445833333333335,231.0,5.0,1050.1471308333334,5.8800298375,77.86935458333333,0.8951879758333332,232.0,6.0
2022-08-20,981.4459166666667,6.4615712499999995,81.96774166666667,0.8445169583333333,5.375,1.2325,68.58333333333333,70.04166666666667,1.4970833333333333,232.0,6.0,911.2669324999999,6.1971875999999995,76.30497816666666,1.1491563216666667,233.0,7.0
2022-08-21,979.8569166666666,6.455403749999999,75.54948333333333,1.2490829583333334,8.208333333333334,0.8966666666666666,43.875,45.625,1.38875,233.0,7.0,1026.3370941666667,8.384202120833333,74.92930683333334,2.4006125025000005,234.0,1.0
2022-08-22,968.2425416666666,7.8357029166666665,68.74248333333334,2.33069175,9.458333333333334,0.7425,26.708333333333332,29.583333333333332,1.4875,234.0,1.0,924.9099062500001,3.5127731903333337,56.27025570833334,3.39909885,235.0,2.0
2022-08-23,973.589375,3.377666529166667,61.83544583333333,3.654945,11.458333333333334,0.7870833333333334,33.541666666666664,36.041666666666664,1.405,235.0,2.0,1001.6001962500002,5.9084584125,62.02913200000001,4.215631088333334,236.0,3.0
2022-08-24,972.4273750000001,5.52192375,64.61367916666667,4.173892166666667,13.390660358867448,0.5473730222400431,18.24107981806238,20.577187779767232,1.3729712478447913,236.0,3.0,1000.8885949999999,5.566936875,68.52696549999999,2.48199298875,237.0,4.0
2022-08-25,971.7365,5.45778125,69.92547499999999,2.5070636250000002,12.583333333333334,0.7058333333333334,26.25,28.625,1.6204166666666666,237.0,4.0,1001.5613833333332,3.30011268,75.567701,5.217948933333333,238.0,5.0
2022-08-26,963.0397916666666,3.5870789999999997,73.3667,4.922593333333333,14.5,0.6054166666666666,21.416666666666668,22.666666666666668,1.6841666666666668,238.0,5.0,1059.8022899999999,3.5273546,62.37035795833334,3.8931630033333335,239.0,6.0
2022-08-27,981.2984166666666,3.674327708333333,58.290054166666664,4.231698916666667,12.083333333333334,0.7733333333333333,37.083333333333336,38.25,1.5945833333333335,239.0,6.0,973.5534599999999,5.082440258333333,59.21320945833333,1.2423236264166666,240.0,7.0
2022-08-28,983.3873333333332,4.749944166666666,61.04454583333333,1.3216208791666666,10.208333333333334,1.0495833333333333,59.291666666666664,60.541666666666664,1.6154166666666667,240.0,7.0,992.9408874999999,4.240080452916667,57.41854,0.922928475,241.0,1.0
2022-08-29,973.4714583333333,4.198099458333333,59.81097916666667,0.8789794999999999,5.083333333333333,1.6620833333333334,100.125,104.375,2.0504166666666666,241.0,1.0,943.57489625,6.959231125,72.12895812500001,1.4063792133333335,242.0,2.0
2022-08-30,972.7576250000001,7.10125625,68.69424583333334,1.3924546666666666,8.25,0.6391666666666667,27.416666666666668,29.791666666666668,1.7629166666666667,242.0,2.0,933.7661999999999,6.662520416666666,68.39014908333334,2.9011509033333334,243.0,3.0
